{
  "never-hungover": {
    "pv_cur": 388,
    "pv_prior": 515,
    "n_pages": 16,
    "s75c_num": 25.0,
    "s75c_den": 378,
    "s75p_num": 34.0,
    "s75p_den": 481,
    "aff_c": 0,
    "aff_p": 0,
    "s75r_cur": 0.06613756613756613,
    "s75r_prior": 0.07068607068607069,
    "pv_delta_pct": -24.660194174757283
  },
  "homepage": {
    "pv_cur": 33,
    "pv_prior": 39,
    "n_pages": 1,
    "s75c_num": 3.0,
    "s75c_den": 33,
    "s75p_num": 2.0,
    "s75p_den": 32,
    "aff_c": 1,
    "aff_p": 0,
    "s75r_cur": 0.09090909090909091,
    "s75r_prior": 0.0625,
    "pv_delta_pct": -15.384615384615385
  },
  "reviews": {
    "pv_cur": 32,
    "pv_prior": 12,
    "n_pages": 1,
    "s75c_num": 15.0,
    "s75c_den": 31,
    "s75p_num": 12.0,
    "s75p_den": 12,
    "aff_c": 36,
    "aff_p": 17,
    "s75r_cur": 0.4838709677419355,
    "s75r_prior": 1.0,
    "pv_delta_pct": 166.66666666666669
  },
  "guide": {
    "pv_cur": 17,
    "pv_prior": 2,
    "n_pages": 1,
    "s75c_num": 4.0,
    "s75c_den": 17,
    "s75p_num": 8.0,
    "s75p_den": 2,
    "aff_c": 0,
    "aff_p": 0,
    "s75r_cur": 0.23529411764705882,
    "s75r_prior": 4.0,
    "pv_delta_pct": 750.0
  },
  "research": {
    "pv_cur": 13,
    "pv_prior": 8,
    "n_pages": 1,
    "s75c_num": 2.0,
    "s75c_den": 13,
    "s75p_num": 1.0,
    "s75p_den": 8,
    "aff_c": 0,
    "aff_p": 0,
    "s75r_cur": 0.15384615384615385,
    "s75r_prior": 0.125,
    "pv_delta_pct": 62.5
  },
  "other": {
    "pv_cur": 11,
    "pv_prior": 13,
    "n_pages": 1,
    "s75c_num": 1.0,
    "s75c_den": 10,
    "s75p_num": 0.0,
    "s75p_den": 13,
    "aff_c": 0,
    "aff_p": 0,
    "s75r_cur": 0.1,
    "s75r_prior": 0.0,
    "pv_delta_pct": -15.384615384615385
  },
  "compare": {
    "pv_cur": 6,
    "pv_prior": 17,
    "n_pages": 1,
    "s75c_num": 0.0,
    "s75c_den": 6,
    "s75p_num": 0.0,
    "s75p_den": 17,
    "aff_c": 1,
    "aff_p": 0,
    "s75r_cur": 0.0,
    "s75r_prior": 0.0,
    "pv_delta_pct": -64.70588235294117
  }
}